# real "proper noun" places that are not countries or cities; may be historical
@format ~|N|NS
Abyssinia
Africa
Akkadia
Antarctica
America
Ancient Egypt|Egyptian|Egyptians
Ancient Greece|Greek|Greeks
Ancient Rome|Roman|Romans
Arabia
Aragon|Aragonian|Aragonians
Asia
Assyria
Austria-Hungary|Austria-Hungarian|Austria-Hungarians
Babylon|Babylonian|Babylonians
Bavaria|Bavarian|Bavarians
Benelux|Beneluxian|Beneluxians
Biafra
Bohemia
Brittany|Breton|Bretons
Burma|Burmese|Burmese
California
Capri|Capreso|Capresi
Ceylon|Ceylonese|Ceylonese
Confederate States of America
Corfu|Corfiote|Corfiotes
Corsica
Crete|Cretan|Cretans
Czechoslovakia
Dalmatia
Disneyland|Disneylander|Disneylanders
Earth|Earthling|Earthlings
England|Englishman|Englishmen
Europe|European|Europeans
Florida|Floridian|Floridians
French Indochina|Indochinese|Indochinese
Greenland|Greenlander|Greenlanders
Gondwanaland|Gondwanalander|Gondwanalanders
Hawaii|Hawaii_Islander|Hawaii_Islanders
Iberia
Jupiter|Jovian|Jovians
Macchu_Pichu|Inca|Incas
Manchuria
Mars|Martian|Martians
Mercury|Mercurian|Mercurians
Mesopotamia
Moldavia
Nazi Germany|German|Germans
Neptune|Neptunian|Neptunians
North America
Northern Ireland|Irishman|Irishmen
Oceania
Outer_Space|Alien|Aliens
Parthia
Pluto|Plutonian|Plutonians
Prussia
Rhodesia
Santorini|Santorinian|Santorinians
Sardinia
Saturn|Saturnian|Saturnians
Scotland|Scot|Scots
Sherwood Forest|Forester|Foresters
Siam|Siamese|Siamese
Sicily|Sicilian|Sicilians
South America
South-East Asia
Sparta
Stonehenge|Druid|Druids
Sumeria
Texas|Texan|Texans
The_Alps|Alpiner|Alpiners
The_Amazon_Jungle|Amazonian|Amazonians
The_Andes|Andean|Andeans
The_Antarctic|Antarctican|Antarcticans
The_Arctic|Arctican|Arcticans
The_Atlantic_Ocean|Atlantean|Atlanteans
The_Balkans|Balkan|Balkans
The_Belgian_Congo|Belgian_Congolese|Belgian_Congolese
The_Black_Forest|Black_Forester|Black_Foresters
The_Caribbean|Carib|Caribs
The_French_Riviera|French_Rivieran|French_Rivierans
The_Galápagos|Galápagon|Galápagons
The_Great_Barrier_Reef|Great_Barrier_Reefer|Great_Barrier_Reefers
The_Great_Lakes|Great_Lakean|Great_Lakeans
The_Himalayas|Himalayan|Himalayans
The_Holy_Roman_Empire|Holy_Roman|Holy_Romans
The_Indian_Ocean|Indian_Oceaner|Indian_Oceaners
The_Isle_of_Man|Manx|Manx
The_Isle_of_Skye
The_Middle_East|Middle_Eastener|Middle_Easteners
The_Moon|Selenian|Selenians
The_Ottoman_Empire|Ottoman|Ottomans
The_Pacific_Ocean|Pacific_Oceaner|Pacific_Oceaners
The_Roman_Empire|Roman|Romans
The_Sahara_Desert|Saharan|Saharans
The_Spanish_Republic|Spanish_Republican|Spanish_Republicans
The_Sun|Solarian|Solarians
The_U.S.S.R.|Soviet|Soviets
Thrace|Thracian|Thracians
Tibet|Tibetan|Tibetans
Tikal|Mayan|Mayans
Transylvania
Troy|Trojan|Trojans
Uranus|Uranian|Uranians
Van_Dieman's_Land|Vandemonian|Vandemonians
Venus|Venerean|Venereans
Vichy France|Frenchman|Frenchmen
Wales|Welshman|Welshmen
Wallachia
Yellowstone_National_Park|Yellowstoner|Yellowstoners
Yosemite|Yosemitan|Yosemitans
Yugoslavia
Zaire|Zairean|Zaireans
Zanzibar|Zanzibari|Zanzibaris
Zululand|Zulu|Zulus
